<?xml version="1.0" encoding="UTF-8"?>
<uptime xmlns:xsi="http://www.w3.org/2001/XMLSchema-instance" xsi:schemaLocation="http://www.uptimesoftware.com/erdc/erdc erdc"
	xmlns="http://www.uptimesoftware.com/erdc/erdc" xmlns:upt="http://www.uptimesoftware.com/erdc/erdc"
	version="4.0" target_grouping="other">

	<class>SSL Expiry Check</class>
	<exec>JAVA_PLUGIN:UptimeSSLCertificateExpiry</exec>
	<erdc_version>1.0</erdc_version>
	<category>Network Service Monitors</category>
	<category_related>Applications - Web Services</category_related>
	<grid_info>
		<supported_versions>7.3</supported_versions>
		<supported_platforms>windows, linux</supported_platforms>
		<upgrade_in_place>true</upgrade_in_place>
		<requires_agent_scripts>false</requires_agent_scripts>
	</grid_info>

	<elements>
		<element name="httpsURL" parameter_type="input" data_type="string" gui_basic="1"
			range_type="0">
			<control_options>size:40</control_options>
			<default_value />
			<short_description>HTTPS URL</short_description>
			<long_description>HTTPS URL</long_description>
			<validation_rule>
				<alphanumeric />
			</validation_rule>
			<error_message>
				<alphanumeric>required field</alphanumeric>
			</error_message>
			<gui_type>
				<string />
			</gui_type>
		</element>

		<element name="expiryDate" parameter_type="output" data_type="string" gui_basic="1"
			range_type="0" units="">
			<control_options>size:40</control_options>
			<default_value />
			<short_description>Expiry Date</short_description>
			<long_description>Expiry Date</long_description>
			<validation_rule />
			<error_message />
			<gui_type>
				<string />
			</gui_type>
		</element>

		<element name="expiryRemainingDays" parameter_type="output" data_type="integer" gui_basic="1"
			range_type="0" units="days">
			<control_options>size:8</control_options>
			<default_value />
			<short_description>Remaining Days to Expiry</short_description>
			<long_description>Remaining Days to Expiry</long_description>
			<validation_rule />
			<error_message />
			<gui_type>
				<integer />
			</gui_type>
		</element>

		<element name="httpResponse" parameter_type="output" data_type="string" gui_basic="1"
			range_type="0" units="">
			<control_options>size:40</control_options>
			<default_value />
			<short_description>HTTP Response</short_description>
			<long_description>HTTP Response</long_description>
			<validation_rule />
			<error_message />
			<gui_type>
				<string />
			</gui_type>
		</element>
	</elements>

	<help></help>
</uptime>
